Configuration,Accuracy (%),F1-Score,ROC-AUC
1. KNN (no preprocessing),98.88236408410684,0.9849066257354823,0.9889390525955114
2. KNN + SMOTE (no FS),98.88236408410684,0.9849374521317334,0.9893669778996059
3. Ensemble (FS only),99.55168276820105,0.9939207123897594,0.999571672091828
4. Ensemble + SMOTE,99.55799709540949,0.9940119760479041,0.999587330820627
5. Full Proposed,99.55799709540949,0.9940119760479041,0.999587330820627
